,FIPS,Poverty Rate,Income,Unemployment Rate,Prescription Rate,Death Rate,Strata
0,1003,13.3,48637.0,9.8,143.9,5.57,1.0
1,1073,16.5,43312.0,10.8,134.3,9.11,1.0
2,1097,18.7,39828.0,11.3,150.3,5.34,1.0
3,1117,6.9,65408.0,7.8,122.5,7.78,1.0
4,2020,7.6,72210.0,6.5,74.6,13.9,1.0
5,2090,7.9,64691.0,7.1,57.1,11.55,1.0
6,2122,8.7,57171.0,9.8,103.1,20.07,1.0
7,2170,8.7,70442.0,8.9,85.9,18.42,1.0
8,4003,16.2,43786.0,8.0,83.3,7.69,1.0
9,4013,15.1,53284.0,9.1,82.5,7.55,1.0
10,4015,17.8,39863.0,11.4,139.3,20.53,1.0
11,4019,18.9,43243.0,9.1,93.0,14.35,1.0
12,4021,13.7,49088.0,12.3,65.1,7.15,1.0
13,4025,14.2,40837.0,10.5,104.3,11.37,1.0
14,5007,13.1,49226.0,6.4,96.5,5.08,1.0
15,5031,17.9,39526.0,7.0,177.7,10.47,1.0
16,5033,17.6,39618.0,7.8,126.6,19.48,1.0
17,5119,16.7,42107.0,6.7,119.7,4.74,1.0
18,5131,17.6,39088.0,7.6,203.3,7.99,1.0
19,6001,10.8,68258.0,10.3,43.9,1.67,1.0
20,6005,11.3,54461.0,11.4,133.2,28.77,1.0
21,6007,18.5,41196.0,12.3,167.3,7.28,1.0
22,6013,9.5,75084.0,10.0,59.6,3.66,1.0
23,6017,7.6,68778.0,10.9,83.8,11.64,1.0
24,6019,21.5,45219.0,14.7,69.0,7.05,1.0
25,6023,19.0,35985.0,10.7,142.3,18.69,1.0
26,6029,22.2,46938.0,14.1,65.0,6.63,1.0
27,6033,22.1,36895.0,15.0,166.0,20.18,1.0
28,6037,16.0,54375.0,11.6,41.2,2.78,1.0
29,6041,7.3,86658.0,7.5,56.5,5.18,1.0
30,6045,17.5,41488.0,10.0,129.4,11.4,1.0
31,6047,24.6,39922.0,16.6,70.4,3.96,1.0
32,6053,17.2,57647.0,11.5,69.1,4.87,1.0
33,6059,10.7,71735.0,8.7,51.9,7.77,1.0
34,6065,13.9,55151.0,13.1,56.4,5.82,1.0
35,6067,15.3,52502.0,11.0,63.5,5.61,1.0
36,6071,17.0,52137.0,12.7,54.9,3.28,1.0
37,6073,12.5,60103.0,9.4,47.5,8.0,1.0
38,6075,11.7,70247.0,8.7,44.5,11.47,1.0
39,6077,15.7,52201.0,14.9,66.8,9.89,1.0
40,6079,13.2,55638.0,8.8,83.3,5.59,1.0
41,6081,7.6,84678.0,8.2,40.1,2.1,1.0
42,6083,15.0,58555.0,8.2,69.3,4.28,1.0
43,6085,9.1,84990.0,10.6,31.7,2.32,1.0
44,6087,13.9,60816.0,11.1,87.5,10.77,1.0
45,6089,15.5,42552.0,14.3,169.4,15.23,1.0
46,6095,10.7,65079.0,10.4,56.2,3.66,1.0
47,6097,9.5,61985.0,9.4,71.6,6.88,1.0
48,6099,17.0,48550.0,15.5,106.0,7.23,1.0
49,6107,23.0,39876.0,14.9,87.3,5.72,1.0
50,6109,14.2,48027.0,12.2,176.9,21.49,1.0
51,6111,10.5,71246.0,9.6,64.0,7.36,1.0
52,6113,15.7,56120.0,11.0,63.5,5.01,1.0
53,8001,13.3,53779.0,8.5,57.6,6.89,1.0
54,8005,12.3,56099.0,7.3,62.4,5.33,1.0
55,8013,12.9,63757.0,6.1,62.4,9.21,1.0
56,8031,18.8,46693.0,8.1,47.6,20.71,1.0
57,8035,3.3,100447.0,6.2,59.9,4.62,1.0
58,8041,11.5,55621.0,7.9,75.5,5.43,1.0
59,8059,8.1,66059.0,7.1,81.0,7.52,1.0
60,8069,14.7,56281.0,6.3,77.2,7.75,1.0
61,8101,16.9,39016.0,8.2,120.5,7.6,1.0
62,9001,8.2,78892.0,7.5,53.9,4.94,1.0
63,9003,10.1,61962.0,8.3,70.8,5.16,1.0
64,9005,6.5,67688.0,7.9,71.9,8.95,1.0
65,9009,11.9,60388.0,8.6,76.2,6.63,1.0
66,9011,7.9,63450.0,7.5,82.2,8.77,1.0
67,9013,6.7,78471.0,6.6,54.6,6.56,1.0
68,10001,13.6,50884.0,8.1,84.8,6.87,1.0
69,10003,10.1,62051.0,8.3,91.7,8.01,1.0
70,10005,12.2,50024.0,8.2,123.6,9.24,1.0
71,12001,23.0,38597.0,7.1,91.8,4.46,1.0
72,12005,14.4,43930.0,9.1,135.3,9.55,1.0
73,12009,11.6,45683.0,10.4,106.0,6.27,1.0
74,12011,13.0,48772.0,9.1,75.1,7.1,1.0
75,12019,9.2,57858.0,9.3,108.5,11.63,1.0
76,12021,12.6,53934.0,11.1,75.4,11.3,1.0
77,12031,15.3,47002.0,10.5,104.6,8.14,1.0
78,12033,18.9,40794.0,9.9,145.8,4.71,1.0
79,12053,13.1,40352.0,13.3,127.5,11.05,1.0
80,12057,15.2,47129.0,10.6,101.3,18.86,1.0
81,12061,13.8,43685.0,12.9,109.4,11.68,1.0
82,12069,12.6,42479.0,11.1,96.7,6.09,1.0
83,12071,12.8,45624.0,12.3,89.8,12.09,1.0
84,12081,14.4,45565.0,11.6,98.6,17.15,1.0
85,12083,15.9,38988.0,12.8,102.0,6.04,1.0
86,12085,13.5,50351.0,11.0,89.6,7.56,1.0
87,12086,17.7,41367.0,10.4,37.6,3.9,1.0
88,12091,12.5,49215.0,7.2,120.3,8.28,1.0
89,12095,14.3,46826.0,10.4,66.0,8.49,1.0
90,12097,15.8,42626.0,11.2,74.8,4.52,1.0
91,12099,14.4,49660.0,10.7,82.7,4.9,1.0
92,12101,13.2,40289.0,11.9,115.8,9.51,1.0
93,12103,13.3,43200.0,10.8,104.5,7.87,1.0
94,12105,16.8,41913.0,11.3,90.7,5.01,1.0
95,12111,15.6,44545.0,13.4,76.1,8.02,1.0
96,12113,11.4,53419.0,9.1,131.8,6.69,1.0
97,12115,12.7,45953.0,11.3,99.2,16.96,1.0
98,12117,10.4,56201.0,9.8,78.8,13.82,1.0
99,12127,15.2,41390.0,10.8,103.0,17.18,1.0
100,13045,17.4,45158.0,11.0,133.2,15.39,1.0
101,13051,16.3,42431.0,8.6,100.6,4.2,1.0
102,13057,8.3,66972.0,8.9,80.1,6.13,1.0
103,13067,11.4,62893.0,9.1,78.5,3.21,1.0
104,13077,10.1,59848.0,9.8,90.4,8.76,1.0
105,13089,17.0,50092.0,10.0,50.3,2.03,1.0
106,13113,5.5,77491.0,8.4,94.5,9.48,1.0
107,13121,17.6,56313.0,10.1,59.0,4.86,1.0
108,13135,13.7,58732.0,9.0,57.5,2.76,1.0
109,13139,15.1,49334.0,9.4,107.4,5.6,1.0
110,13151,7.6,63892.0,9.7,87.9,5.51,1.0
111,13223,7.2,63663.0,10.1,82.1,9.24,1.0
112,15003,9.7,67019.0,6.0,36.7,3.18,1.0
113,16001,11.8,53828.0,8.9,83.5,6.95,1.0
114,17019,19.9,42101.0,8.3,72.3,7.0,1.0
115,17031,16.0,52516.0,10.5,44.8,6.7,1.0
116,17043,6.7,73554.0,8.6,52.6,4.93,1.0
117,17089,9.4,66604.0,10.5,46.7,3.72,1.0
118,17091,15.1,49375.0,12.2,81.4,10.61,1.0
119,17097,7.6,76336.0,9.8,58.4,8.13,1.0
120,17099,12.5,52208.0,12.2,84.6,17.54,1.0
121,17111,6.6,74669.0,9.8,66.3,7.47,1.0
122,17113,14.4,56471.0,7.2,62.8,11.26,1.0
123,17119,13.1,50628.0,10.2,109.9,11.15,1.0
124,17143,16.8,47330.0,11.0,86.9,10.16,1.0
125,17163,17.1,46368.0,10.9,72.8,7.08,1.0
126,17197,7.0,72478.0,10.3,58.1,7.7,1.0
127,17201,17.7,44390.0,15.0,101.8,9.81,1.0
128,18035,20.7,35935.0,10.7,139.1,13.62,1.0
129,18039,14.4,43531.0,17.9,86.2,6.08,1.0
130,18089,16.4,47054.0,10.6,91.4,3.63,1.0
131,18095,14.7,41774.0,10.9,155.1,16.72,1.0
132,18097,19.7,41201.0,9.3,102.8,7.46,1.0
133,18127,7.6,60718.0,9.3,100.5,8.56,1.0
134,18141,16.4,43544.0,11.5,94.4,3.75,1.0
135,18163,15.2,42404.0,8.2,154.6,18.44,1.0
136,19153,10.9,54948.0,6.1,88.9,9.4,1.0
137,19163,12.5,50707.0,7.1,75.0,6.11,1.0
138,20091,6.8,72006.0,6.5,77.2,5.01,1.0
139,20173,13.5,48071.0,8.4,110.3,5.05,1.0
140,20177,16.6,46194.0,6.5,118.5,6.79,1.0
141,21013,36.0,24501.0,12.0,365.1,34.88,1.0
142,21015,7.9,67994.0,9.0,137.9,8.51,1.0
143,21019,20.9,37496.0,8.4,201.0,24.31,1.0
144,21049,14.5,44908.0,11.0,176.9,30.89,1.0
145,21067,17.4,46386.0,7.8,98.3,10.26,1.0
146,21071,30.3,29725.0,10.9,353.3,47.93,1.0
147,21111,15.8,44516.0,10.1,131.8,2.71,1.0
148,21113,14.1,46940.0,9.1,117.1,29.07,1.0
149,21121,38.6,22493.0,11.6,139.0,31.33,1.0
150,21195,25.8,32258.0,9.6,324.1,16.86,1.0
151,21203,25.0,29654.0,13.2,102.7,64.43,1.0
152,22051,13.7,46428.0,6.3,125.6,6.02,1.0
153,22103,10.3,58868.0,5.4,142.4,11.68,1.0
154,23001,15.0,40653.0,8.4,102.1,9.27,1.0
155,23005,9.3,52459.0,6.5,83.0,8.51,1.0
156,23019,15.3,40301.0,8.2,102.3,10.41,1.0
157,23031,8.4,54134.0,7.7,75.3,9.64,1.0
158,24005,8.3,64629.0,7.4,77.1,1.5,1.0
159,25001,8.1,56991.0,8.4,88.5,8.8,1.0
160,25005,11.1,54048.0,10.7,91.7,11.69,1.0
161,25009,10.8,62758.0,8.7,69.8,9.34,1.0
162,25013,17.2,46646.0,9.3,90.0,9.08,1.0
163,25015,11.3,56263.0,6.4,71.1,6.33,1.0
164,25017,7.4,77672.0,6.9,53.1,7.69,1.0
165,25021,6.4,79548.0,7.3,60.3,9.76,1.0
166,25023,7.6,70447.0,8.5,74.1,10.15,1.0
167,25025,17.3,53751.0,7.7,52.5,13.12,1.0
168,25027,9.4,62885.0,8.9,79.0,7.42,1.0
169,26005,11.5,50487.0,12.9,49.3,8.99,1.0
170,26049,19.3,41586.0,14.9,125.0,14.95,1.0
171,26065,19.1,42990.0,11.4,89.2,6.41,1.0
172,26077,19.6,42336.0,10.2,94.8,5.62,1.0
173,26081,14.5,47684.0,11.0,83.7,8.15,1.0
174,26093,6.6,68514.0,11.9,65.5,7.18,1.0
175,26099,10.9,50709.0,15.8,103.5,11.44,1.0
176,26115,10.7,53224.0,14.6,100.5,7.22,1.0
177,26121,18.6,38916.0,14.9,142.1,12.73,1.0
178,26125,9.7,62626.0,13.0,78.5,1.17,1.0
179,26139,10.3,52107.0,12.5,64.4,4.95,1.0
180,26147,13.5,45830.0,17.7,98.9,10.97,1.0
181,26155,14.4,42870.0,14.9,104.2,19.8,1.0
182,26161,14.2,54939.0,8.6,67.1,3.49,1.0
183,26163,24.2,38256.0,16.2,95.1,8.92,1.0
184,27003,7.1,67349.0,8.4,66.2,5.16,1.0
185,27037,6.1,69807.0,7.2,63.4,3.53,1.0
186,27053,11.9,61651.0,7.3,55.4,6.02,1.0
187,27123,16.4,48008.0,7.6,54.8,3.95,1.0
188,27137,16.4,43434.0,9.1,94.7,7.99,1.0
189,29047,7.9,57983.0,8.4,92.2,7.28,1.0
190,29071,11.0,49034.0,12.0,103.7,12.82,1.0
191,29077,18.2,37986.0,8.4,140.7,11.68,1.0
192,29095,15.3,45798.0,10.2,87.3,8.2,1.0
193,29099,10.5,53939.0,10.6,90.1,18.37,1.0
194,29183,5.1,68669.0,8.5,87.4,8.13,1.0
195,29187,17.4,38195.0,11.0,169.3,23.13,1.0
196,29189,9.6,56939.0,9.0,80.1,9.11,1.0
197,29510,26.5,34065.0,11.7,57.6,17.88,1.0
198,30063,16.9,40130.0,6.3,107.8,11.04,1.0
199,31055,12.8,49944.0,5.2,69.6,6.64,1.0
200,32003,12.4,53512.0,11.5,91.7,16.29,1.0
201,32023,14.1,43215.0,13.9,120.1,27.0,1.0
202,32031,13.2,53036.0,11.1,95.9,15.56,1.0
203,32510,14.1,52548.0,11.1,149.9,25.27,1.0
204,33011,8.8,64455.0,6.5,75.5,9.0,1.0
205,33013,7.7,61439.0,5.6,90.7,6.82,1.0
206,33015,6.1,70196.0,6.6,76.9,9.49,1.0
207,33017,10.0,55415.0,6.2,99.6,11.38,1.0
208,34023,7.9,74959.0,8.5,52.4,1.37,1.0
209,35001,15.6,45550.0,7.5,84.0,11.14,1.0
210,35013,24.8,35541.0,7.3,54.4,8.28,1.0
211,35043,11.0,57378.0,8.5,63.7,9.3,1.0
212,35049,12.7,52220.0,6.6,101.4,9.08,1.0
213,36005,28.3,32888.0,12.0,34.1,6.61,1.0
214,36027,8.9,68891.0,7.7,65.5,6.4,1.0
215,36029,13.9,46739.0,8.1,87.2,5.66,1.0
216,36047,21.7,42932.0,9.9,27.1,4.86,1.0
217,36055,13.4,50283.0,7.8,60.1,4.84,1.0
218,36059,5.5,92221.0,6.9,50.8,6.23,1.0
219,36061,16.6,68295.0,8.4,45.5,4.23,1.0
220,36063,13.9,42580.0,9.3,100.0,5.55,1.0
221,36067,13.7,49886.0,7.6,54.5,6.87,1.0
222,36071,11.7,68057.0,7.8,65.6,3.76,1.0
223,36075,14.7,45928.0,9.8,40.3,9.83,1.0
224,36081,12.9,54671.0,8.4,26.9,3.52,1.0
225,36085,11.4,65388.0,8.2,59.2,9.64,1.0
226,36087,11.6,78218.0,6.9,39.7,3.24,1.0
227,36103,5.7,82984.0,7.3,69.7,8.94,1.0
228,36119,9.1,77057.0,7.1,41.8,4.87,1.0
229,37001,15.2,43103.0,11.7,91.7,10.67,1.0
230,37003,14.9,40813.0,13.9,35.7,32.39,1.0
231,37019,14.6,44891.0,10.7,123.3,21.74,1.0
232,37021,16.2,40979.0,8.3,104.1,6.35,1.0
233,37023,17.4,36177.0,14.1,134.2,16.45,1.0
234,37025,11.4,52988.0,11.0,108.8,11.93,1.0
235,37027,16.7,35489.0,15.0,116.9,18.12,1.0
236,37031,13.1,44036.0,8.7,114.3,15.23,1.0
237,37035,14.4,42100.0,14.0,131.7,13.58,1.0
238,37045,17.5,38304.0,15.1,144.3,14.26,1.0
239,37047,25.4,33024.0,12.9,175.9,24.07,1.0
240,37051,17.0,41163.0,8.9,84.2,7.56,1.0
241,37057,14.6,43420.0,12.8,91.4,8.0,1.0
242,37067,16.5,45769.0,9.5,87.9,6.89,1.0
243,37071,15.6,40940.0,13.8,141.7,19.91,1.0
244,37081,17.1,44386.0,10.6,86.7,6.4,1.0
245,37089,12.4,44408.0,8.8,98.9,10.4,1.0
246,37097,13.1,47979.0,12.7,106.6,14.52,1.0
247,37101,17.4,49501.0,9.9,73.7,7.21,1.0
248,37109,14.3,48161.0,13.9,98.9,18.05,1.0
249,37119,14.2,53158.0,10.6,64.3,4.07,1.0
250,37125,13.3,45987.0,10.1,114.7,11.46,1.0
251,37129,16.0,44719.0,9.3,114.9,10.99,1.0
252,37133,15.1,41161.0,8.5,79.1,8.09,1.0
253,37147,25.5,36339.0,10.1,87.7,7.25,1.0
254,37151,16.0,38529.0,11.2,78.4,13.46,1.0
255,37159,16.7,42787.0,12.7,92.4,18.04,1.0
256,37161,21.8,34016.0,16.3,71.1,16.28,1.0
257,37171,17.4,34397.0,12.4,169.0,17.69,1.0
258,37183,10.2,63770.0,8.3,64.7,3.51,1.0
259,37193,18.5,36516.0,12.7,109.4,41.87,1.0
260,39017,13.2,53543.0,9.6,104.7,11.46,1.0
261,39025,10.4,57877.0,9.8,124.2,7.63,1.0
262,39035,18.9,40254.0,8.7,76.1,7.0,1.0
263,39041,5.1,84762.0,7.1,76.5,5.86,1.0
264,39045,11.8,52290.0,8.7,102.6,7.56,1.0
265,39049,18.4,47460.0,8.5,119.5,7.27,1.0
266,39061,15.2,46509.0,9.1,102.9,6.23,1.0
267,39085,8.2,53880.0,8.0,86.5,5.65,1.0
268,39095,18.7,40161.0,12.4,111.0,4.74,1.0
269,39099,18.3,39339.0,12.6,123.1,6.67,1.0
270,39113,16.2,41611.0,11.6,117.3,8.41,1.0
271,39141,18.3,41672.0,12.2,155.9,15.41,1.0
272,39153,14.8,47042.0,10.0,106.7,4.24,1.0
273,39155,16.0,40980.0,13.9,110.6,8.05,1.0
274,39165,5.9,68798.0,8.9,83.4,4.73,1.0
275,40019,16.9,37352.0,5.5,185.9,21.09,1.0
276,40021,22.1,33533.0,5.4,99.5,21.51,1.0
277,40027,11.6,51958.0,5.3,130.1,12.31,1.0
278,40037,12.9,40859.0,8.0,114.7,21.57,1.0
279,40089,27.0,29207.0,10.4,126.5,33.33,1.0
280,40101,21.4,33651.0,7.5,126.0,19.81,1.0
281,40109,17.3,41279.0,6.1,144.5,9.84,1.0
282,40119,22.0,36164.0,6.1,96.5,13.01,1.0
283,40121,17.2,37526.0,6.2,197.4,23.97,1.0
284,40123,17.4,36196.0,5.4,113.8,29.5,1.0
285,40125,16.8,38763.0,6.3,171.8,27.54,1.0
286,40131,9.5,56983.0,6.9,114.5,12.71,1.0
287,40135,22.1,31563.0,9.5,67.7,28.43,1.0
288,40143,14.6,46143.0,6.5,134.6,18.9,1.0
289,40145,9.1,55948.0,6.5,43.8,18.02,1.0
290,41005,9.4,60051.0,10.4,96.3,8.82,1.0
291,41029,14.9,45212.0,12.8,136.0,6.43,1.0
292,41039,17.2,40363.0,12.3,113.1,15.96,1.0
293,41043,14.9,46717.0,14.0,118.8,9.48,1.0
294,41047,16.4,43388.0,11.1,82.4,8.3,1.0
295,41051,15.1,50604.0,10.6,82.9,12.92,1.0
296,41067,10.0,61022.0,9.5,75.1,5.91,1.0
297,42003,13.0,46212.0,6.8,85.0,13.42,1.0
298,42007,11.5,44557.0,8.1,88.7,7.04,1.0
299,42011,12.1,53239.0,8.7,61.1,2.44,1.0
300,42017,4.2,75895.0,7.3,76.0,1.76,1.0
301,42019,8.9,54803.0,7.0,75.5,7.09,1.0
302,42021,15.5,38205.0,8.5,114.3,7.63,1.0
303,42045,9.3,61848.0,7.6,81.5,3.4,1.0
304,42051,17.3,35260.0,9.2,136.9,13.1,1.0
305,42069,14.4,43715.0,8.2,120.2,12.14,1.0
306,42071,9.4,55504.0,7.2,62.5,1.94,1.0
307,42077,12.4,52680.0,8.7,51.5,4.03,1.0
308,42089,10.2,54703.0,9.1,92.2,6.49,1.0
309,42091,5.5,74819.0,6.8,68.9,7.67,1.0
310,42095,8.5,57999.0,8.4,73.0,4.72,1.0
311,42101,24.5,36959.0,9.7,79.0,2.05,1.0
312,42129,10.4,47312.0,7.8,82.3,12.05,1.0
313,44003,8.3,58364.0,10.4,101.3,14.99,1.0
314,44007,14.8,47432.0,11.9,80.5,11.5,1.0
315,44009,7.9,66705.0,8.9,84.6,8.62,1.0
316,45003,18.6,43845.0,9.2,94.9,9.46,1.0
317,45019,16.4,46145.0,8.8,86.0,5.77,1.0
318,45045,15.3,45917.0,9.8,117.8,9.4,1.0
319,45077,17.5,40357.0,10.5,108.6,20.98,1.0
320,45083,14.8,40278.0,11.9,123.3,6.0,1.0
321,45091,12.4,50644.0,13.5,77.9,4.92,1.0
322,46103,14.1,46972.0,4.9,81.3,14.02,1.0
323,47009,11.7,45447.0,9.9,138.0,8.97,1.0
324,47011,16.4,39569.0,9.5,169.4,10.17,1.0
325,47037,17.1,46249.0,8.9,112.9,9.98,1.0
326,47065,18.1,43214.0,9.0,162.7,3.01,1.0
327,47093,14.7,45380.0,8.1,173.6,11.18,1.0
328,47125,13.8,46523.0,8.9,93.3,5.92,1.0
329,47145,13.8,39007.0,9.1,176.2,20.23,1.0
330,47149,12.4,53983.0,9.7,110.0,4.25,1.0
331,47157,20.9,41880.0,10.1,93.9,6.61,1.0
332,48029,17.7,45315.0,6.7,65.4,6.41,1.0
333,48039,10.0,66516.0,8.1,74.2,9.05,1.0
334,48085,7.1,77905.0,7.3,66.3,3.79,1.0
335,48113,18.7,46044.0,8.2,63.7,4.9,1.0
336,48121,8.7,70724.0,7.1,74.6,3.08,1.0
337,48141,23.7,36078.0,8.8,40.5,4.58,1.0
338,48157,7.5,80548.0,7.1,48.1,1.93,1.0
339,48167,14.7,55883.0,8.2,96.9,9.39,1.0
340,48201,17.1,50577.0,7.6,69.9,6.25,1.0
341,48339,11.2,65130.0,6.9,81.7,8.97,1.0
342,48355,19.9,41009.0,6.7,92.2,12.42,1.0
343,48367,9.9,62049.0,7.6,67.0,8.64,1.0
344,48423,16.2,46127.0,7.6,132.9,5.79,1.0
345,48439,14.5,53757.0,7.7,79.9,3.25,1.0
346,48453,16.0,53434.0,6.7,72.2,6.36,1.0
347,48479,30.9,37140.0,8.5,34.1,8.95,1.0
348,48491,5.5,69862.0,7.3,75.4,3.16,1.0
349,49011,7.0,66220.0,6.6,81.5,6.62,1.0
350,49035,10.7,56954.0,7.1,91.3,9.15,1.0
351,49049,14.2,57471.0,7.0,73.7,6.14,1.0
352,49057,12.5,53094.0,8.4,95.7,10.96,1.0
353,51015,9.3,50401.0,6.4,36.8,17.6,1.0
354,51041,6.1,70055.0,6.6,75.4,5.43,1.0
355,51059,5.6,102325.0,4.8,37.1,2.53,1.0
356,51087,10.0,57318.0,6.9,84.9,4.92,1.0
357,51089,17.0,35826.0,13.7,72.7,23.9,1.0
358,51153,6.0,88823.0,5.4,45.9,5.66,1.0
359,51179,4.7,88179.0,5.5,64.8,7.91,1.0
360,51185,15.9,36143.0,7.5,191.3,22.19,1.0
361,51550,7.3,63532.0,6.4,85.0,7.27,1.0
362,51700,13.5,48285.0,7.4,76.8,9.94,1.0
363,51710,18.4,41161.0,8.5,65.4,6.21,1.0
364,51760,23.3,37115.0,9.6,65.1,8.84,1.0
365,51770,20.0,35088.0,8.6,141.6,10.31,1.0
366,51810,6.8,59174.0,6.0,67.2,5.52,1.0
367,53005,11.3,57603.0,7.2,119.7,9.93,1.0
368,53009,14.3,43533.0,10.1,168.8,16.88,1.0
369,53011,11.8,56351.0,13.3,72.9,10.92,1.0
370,53015,16.0,45839.0,13.5,105.1,17.63,1.0
371,53025,18.6,45183.0,9.9,94.9,18.32,1.0
372,53027,19.3,37637.0,13.2,125.8,19.32,1.0
373,53033,9.8,67706.0,8.0,71.1,9.0,1.0
374,53035,8.4,60673.0,7.8,80.9,8.84,1.0
375,53053,12.3,55941.0,9.7,86.3,9.67,1.0
376,53057,11.1,54335.0,10.2,98.5,17.16,1.0
377,53061,9.7,64677.0,9.4,99.9,13.88,1.0
378,53063,14.8,44799.0,9.3,106.5,8.76,1.0
379,53067,11.1,58533.0,7.9,79.4,8.4,1.0
380,53073,15.5,47490.0,8.5,82.6,9.01,1.0
381,53077,22.0,41055.0,9.0,80.6,5.84,1.0
382,54003,10.6,51243.0,8.5,107.1,13.61,1.0
383,54039,14.4,41747.0,6.2,169.0,7.77,1.0
384,54055,21.3,32098.0,6.5,186.7,16.08,1.0
385,55025,13.1,58002.0,5.8,66.0,7.22,1.0
386,55027,9.0,50483.0,9.6,42.5,14.66,1.0
387,55059,12.9,52914.0,10.4,76.2,9.06,1.0
388,55079,20.6,42012.0,9.4,94.3,13.58,1.0
389,55101,12.4,52063.0,10.2,82.9,5.64,1.0
390,55127,13.1,50097.0,9.1,69.7,14.69,1.0
391,55133,4.9,72982.0,7.5,73.5,5.66,1.0
392,1003,13.3,47618.0,10.0,143.8,5.49,1.0
393,1073,18.6,41740.0,10.3,138.0,6.23,1.0
394,1097,20.5,39753.0,11.3,149.6,3.39,1.0
395,1117,9.8,67135.0,7.1,124.2,6.66,1.0
396,1127,23.2,36044.0,12.7,338.1,29.84,1.0
397,2020,9.6,70524.0,6.6,75.1,8.57,1.0
398,4003,17.7,43677.0,9.3,84.6,9.9,1.0
399,4013,16.6,50424.0,9.5,87.0,7.89,1.0
400,4015,18.7,36446.0,13.0,146.5,25.48,1.0
401,4019,17.8,44293.0,9.3,97.0,14.59,1.0
402,4021,14.4,49833.0,10.7,66.3,5.32,1.0
403,4025,18.3,40562.0,10.7,112.2,11.85,1.0
404,5007,10.2,52417.0,6.6,97.8,5.42,1.0
405,5119,17.1,44733.0,7.3,122.8,6.79,1.0
406,6001,13.5,66937.0,10.9,43.4,2.45,1.0
407,6007,20.1,41168.0,13.9,169.1,7.27,1.0
408,6013,9.3,73678.0,11.0,60.2,3.15,1.0
409,6017,9.4,65201.0,12.2,83.3,7.18,1.0
410,6019,26.8,44869.0,16.7,70.1,7.95,1.0
411,6023,18.0,38254.0,10.6,142.4,17.08,1.0
412,6029,21.4,45045.0,15.7,66.8,5.12,1.0
413,6031,22.5,44020.0,16.1,82.0,6.54,1.0
414,6033,21.0,35914.0,15.1,169.7,27.84,1.0
415,6035,16.8,50093.0,14.0,120.1,34.39,1.0
416,6037,17.6,52595.0,12.5,41.0,2.5,1.0
417,6041,9.2,82383.0,7.9,54.3,5.55,1.0
418,6047,23.1,41730.0,18.0,71.0,3.91,1.0
419,6053,17.1,53735.0,12.7,69.8,4.58,1.0
420,6059,12.2,70727.0,9.7,51.8,6.78,1.0
421,6061,9.1,68330.0,11.6,73.6,2.87,1.0
422,6065,16.4,53981.0,13.8,56.9,5.3,1.0
423,6067,16.7,52655.0,12.6,64.3,6.06,1.0
424,6071,18.1,52270.0,13.5,54.8,3.0,1.0
425,6073,14.8,59759.0,10.8,47.0,7.66,1.0
426,6075,12.8,70883.0,8.9,44.9,12.92,1.0
427,6077,19.0,49742.0,16.5,66.8,10.65,1.0
428,6079,14.3,53620.0,10.1,85.2,9.27,1.0
429,6081,7.0,82413.0,8.4,40.8,2.23,1.0
430,6083,17.7,56243.0,9.7,69.2,2.36,1.0
431,6085,10.6,84627.0,10.4,32.2,2.25,1.0
432,6087,14.2,60247.0,13.3,85.8,10.29,1.0
433,6089,18.2,41058.0,16.8,164.0,13.54,1.0
434,6095,12.2,62948.0,12.6,56.5,3.87,1.0
435,6097,12.8,58703.0,10.8,69.4,8.89,1.0
436,6099,19.7,47442.0,16.9,106.9,2.92,1.0
437,6107,24.6,42377.0,17.2,89.4,2.49,1.0
438,6109,15.2,44751.0,15.2,185.4,25.29,1.0
439,6111,11.0,71418.0,10.8,63.6,8.26,1.0
440,8001,13.0,52785.0,10.0,60.1,5.43,1.0
441,8005,11.4,58152.0,8.6,64.6,2.62,1.0
442,8013,13.6,62215.0,7.0,63.0,5.77,1.0
443,8031,21.3,45415.0,9.1,49.6,12.66,1.0
444,8035,3.5,97806.0,7.0,61.2,3.85,1.0
445,8041,13.4,51553.0,9.3,79.0,4.82,1.0
446,8059,8.8,64181.0,8.4,83.3,5.8,1.0
447,8069,13.6,54739.0,7.6,80.4,7.68,1.0
448,8101,19.6,39107.0,10.4,125.3,6.29,1.0
449,8123,14.3,52334.0,9.2,65.3,7.12,1.0
450,9001,9.3,74634.0,8.4,54.0,3.38,1.0
451,9003,11.3,60028.0,9.4,71.1,5.59,1.0
452,9005,6.7,66076.0,8.7,73.0,8.42,1.0
453,9007,6.8,70805.0,7.9,68.6,9.66,1.0
454,9009,11.6,57070.0,10.0,76.3,7.65,1.0
455,9011,8.9,61792.0,8.9,83.6,7.66,1.0
456,9015,11.8,56564.0,10.3,81.1,8.44,1.0
457,10001,12.1,51490.0,8.9,86.8,9.24,1.0
458,10003,11.2,59877.0,8.3,93.3,10.4,1.0
459,10005,13.9,48582.0,8.5,134.0,13.19,1.0
460,11001,18.8,60729.0,9.4,37.1,4.82,1.0
461,12001,25.3,40656.0,8.0,85.3,5.66,1.0
462,12005,15.1,44364.0,10.5,121.5,11.25,1.0
463,12009,13.5,46331.0,11.3,107.9,5.15,1.0
464,12011,14.7,47917.0,10.2,77.3,6.92,1.0
465,12017,17.2,36174.0,13.7,115.0,10.62,1.0
466,12019,11.3,57913.0,9.9,109.0,6.29,1.0
467,12021,15.7,53341.0,11.6,77.8,12.75,1.0
468,12031,16.6,46112.0,11.4,106.8,6.71,1.0
469,12033,19.1,41428.0,10.1,149.2,7.06,1.0
470,12053,15.1,37867.0,13.5,135.3,12.73,1.0
471,12057,16.7,46043.0,10.7,104.3,17.08,1.0
472,12069,13.5,42343.0,11.8,98.8,4.71,1.0
473,12071,17.1,44377.0,12.5,90.3,13.58,1.0
474,12081,14.5,44990.0,11.4,101.6,21.06,1.0
475,12083,19.6,37162.0,13.6,100.7,7.24,1.0
476,12085,11.3,49539.0,10.8,93.0,7.52,1.0
477,12086,20.3,40145.0,11.1,37.9,2.36,1.0
478,12091,12.4,51173.0,8.4,127.5,6.64,1.0
479,12095,16.4,45105.0,10.8,68.2,10.21,1.0
480,12097,16.3,42165.0,12.5,80.4,8.93,1.0
481,12099,14.3,49891.0,11.0,83.0,7.73,1.0
482,12101,15.2,42184.0,11.9,120.3,14.63,1.0
483,12103,14.2,42628.0,10.8,106.2,9.82,1.0
484,12105,17.5,41184.0,12.1,87.7,2.82,1.0
485,12107,26.7,33300.0,13.4,125.5,21.52,1.0
486,12109,12.0,60841.0,8.7,77.2,7.89,1.0
487,12111,17.6,39378.0,13.8,79.7,7.56,1.0
488,12113,12.6,51208.0,9.3,129.0,10.57,1.0
489,12115,13.1,46047.0,11.6,100.1,17.39,1.0
490,12117,11.0,57381.0,10.6,82.8,13.25,1.0
491,12127,16.5,41368.0,12.3,104.5,20.62,1.0
492,13015,14.5,43825.0,12.2,115.2,10.98,1.0
493,13045,19.0,45242.0,11.7,139.4,9.05,1.0
494,13057,8.6,63520.0,8.8,82.4,7.93,1.0
495,13063,22.6,36595.0,13.5,56.7,5.4,1.0
496,13067,14.0,59471.0,9.3,78.6,1.74,1.0
497,13073,8.8,64435.0,7.3,97.1,8.06,1.0
498,13089,19.4,47068.0,10.8,51.0,2.6,1.0
499,13117,7.2,81629.0,8.0,67.4,5.7,1.0
500,13121,17.7,53580.0,10.5,61.0,5.43,1.0
501,13135,13.6,57848.0,9.2,56.7,4.59,1.0
502,13139,17.8,47238.0,9.6,110.0,7.23,1.0
503,13215,20.2,36359.0,10.1,111.9,6.85,1.0
504,13223,8.8,61496.0,10.0,84.1,11.94,1.0
505,13245,25.9,37866.0,11.0,107.4,7.98,1.0
506,15003,9.5,67519.0,6.0,38.1,5.87,1.0
507,16001,13.9,50909.0,8.3,86.2,6.63,1.0
508,17019,19.6,45803.0,8.2,76.8,5.47,1.0
509,17031,16.8,51457.0,10.9,46.0,6.83,1.0
510,17043,6.9,72470.0,8.9,54.4,6.0,1.0
511,17089,11.0,65430.0,11.0,48.0,2.72,1.0
512,17097,9.0,74594.0,9.8,58.9,10.52,1.0
513,17099,13.2,49414.0,12.0,86.2,17.56,1.0
514,17111,7.3,69290.0,10.5,68.3,5.83,1.0
515,17113,11.7,59719.0,7.1,66.4,7.67,1.0
516,17119,14.3,51706.0,9.8,114.4,17.83,1.0
517,17143,14.3,50166.0,10.5,89.8,6.97,1.0
518,17197,8.5,71344.0,11.1,58.6,6.49,1.0
519,17201,17.5,44336.0,14.0,106.1,9.48,1.0
520,18035,24.2,36362.0,11.6,144.5,10.2,1.0
521,18043,12.4,49117.0,8.9,214.5,13.41,1.0
522,18089,17.7,45252.0,10.8,92.6,2.42,1.0
523,18095,18.0,39449.0,12.1,154.1,15.95,1.0
524,18097,20.8,39393.0,10.5,102.7,5.87,1.0
525,18127,10.9,56648.0,9.5,102.1,14.0,1.0
526,18141,15.9,42316.0,11.6,96.9,3.75,1.0
527,18163,16.9,41024.0,8.9,157.0,17.25,1.0
528,19113,9.9,54806.0,6.0,66.2,6.15,1.0
529,19153,11.0,54328.0,6.0,91.4,6.73,1.0
530,19163,15.0,47800.0,6.6,74.6,6.66,1.0
531,20091,6.6,71389.0,6.1,78.1,4.04,1.0
532,20173,15.3,45996.0,8.8,112.6,2.81,1.0
533,21013,30.2,26911.0,12.1,366.3,62.74,1.0
534,21015,9.2,64005.0,8.9,136.3,13.47,1.0
535,21019,19.1,38029.0,10.2,187.2,38.35,1.0
536,21037,13.0,47341.0,9.1,117.0,18.82,1.0
537,21043,23.2,34303.0,14.1,144.8,43.29,1.0
538,21051,38.0,24081.0,14.5,257.8,59.83,1.0
539,21067,20.0,45820.0,7.4,94.1,13.52,1.0
540,21071,29.9,28589.0,13.5,386.0,81.11,1.0
541,21089,17.3,40752.0,11.5,139.7,35.22,1.0
542,21095,33.7,28503.0,11.9,169.0,40.99,1.0
543,21111,17.3,42535.0,10.0,133.3,4.72,1.0
544,21115,23.4,34260.0,12.6,243.6,77.07,1.0
545,21117,13.3,51049.0,9.8,106.3,15.03,1.0
546,21121,33.9,25965.0,13.5,130.6,31.36,1.0
547,21133,23.2,33410.0,11.4,229.0,44.86,1.0
548,21195,27.3,30302.0,10.4,315.4,38.45,1.0
549,21197,25.2,32041.0,15.5,162.2,118.92,1.0
550,21235,26.2,29813.0,12.6,325.4,28.06,1.0
551,22051,16.2,46500.0,7.4,122.1,4.39,1.0
552,22103,9.2,59389.0,6.3,143.4,14.97,1.0
553,23001,14.6,41831.0,8.6,111.4,11.14,1.0
554,23005,10.3,57424.0,6.5,85.2,4.97,1.0
555,23011,11.7,44725.0,7.6,120.1,9.82,1.0
556,23031,10.3,54076.0,8.0,80.8,8.12,1.0
557,24005,8.2,62300.0,8.3,83.2,1.86,1.0
558,25001,10.9,54871.0,9.9,87.4,9.73,1.0
559,25005,12.8,51361.0,10.6,91.3,14.04,1.0
560,25009,10.4,61604.0,8.7,68.6,6.46,1.0
561,25013,17.1,46356.0,10.3,91.2,9.49,1.0
562,25015,12.5,57558.0,7.0,72.1,6.96,1.0
563,25017,8.2,75364.0,6.9,51.3,5.59,1.0
564,25021,6.3,79899.0,7.4,59.6,8.2,1.0
565,25023,8.3,71555.0,8.9,74.3,7.48,1.0
566,25025,22.6,49584.0,7.6,51.8,8.45,1.0
567,25027,10.9,61079.0,8.8,77.3,9.52,1.0
568,26045,11.0,52300.0,9.6,99.6,9.28,1.0
569,26049,21.0,39271.0,14.0,127.3,19.02,1.0
570,26065,20.2,43414.0,10.3,94.5,7.48,1.0
571,26077,20.0,43957.0,10.0,101.9,7.19,1.0
572,26081,16.3,47897.0,10.1,88.5,5.97,1.0
573,26093,7.2,65729.0,11.2,69.4,6.08,1.0
574,26099,12.7,49348.0,13.9,110.1,11.65,1.0
575,26121,21.0,39075.0,14.5,146.9,15.68,1.0
576,26125,10.3,60392.0,11.8,83.1,1.0,1.0
577,26147,15.4,44706.0,16.4,104.1,12.88,1.0
578,26155,15.0,45444.0,12.9,101.5,19.82,1.0
579,26161,13.0,56177.0,8.1,66.9,5.22,1.0
580,26163,23.9,39421.0,15.5,98.4,6.7,1.0
581,27003,7.4,65732.0,8.0,67.0,8.77,1.0
582,27037,7.0,69688.0,7.0,60.7,4.77,1.0
583,27053,13.7,59252.0,7.0,55.2,5.55,1.0
584,27123,17.2,50224.0,7.5,56.1,4.72,1.0
585,28121,13.8,51007.0,6.9,118.8,12.71,1.0
586,29019,18.8,42202.0,6.5,56.6,6.15,1.0
587,29047,9.5,55835.0,8.4,97.0,7.66,1.0
588,29071,14.1,47530.0,11.3,107.1,14.78,1.0
589,29077,19.1,38059.0,8.3,143.8,17.81,1.0
590,29095,16.8,44620.0,10.7,89.1,9.34,1.0
591,29099,12.1,52841.0,10.4,91.7,21.49,1.0
592,29161,18.0,39765.0,9.0,180.4,22.15,1.0
593,29183,6.1,65281.0,8.2,89.0,10.82,1.0
594,29189,10.5,55290.0,8.9,81.6,11.11,1.0
595,29510,27.7,32767.0,11.5,61.1,17.54,1.0
596,30063,15.0,44084.0,7.3,109.2,10.06,1.0
597,31055,14.7,50270.0,5.1,72.0,5.8,1.0
598,32003,15.0,51427.0,13.8,94.1,15.27,1.0
599,32019,11.4,47108.0,17.5,94.4,23.09,1.0
600,32023,18.7,41054.0,17.3,142.3,36.41,1.0
601,32031,15.3,50839.0,12.9,102.3,17.8,1.0
602,33011,7.6,67650.0,6.2,74.3,11.23,1.0
603,33015,5.7,73402.0,6.0,77.0,6.77,1.0
604,33017,11.1,52527.0,5.7,103.3,8.93,1.0
605,34001,13.6,51457.0,12.3,83.4,8.38,1.0
606,34003,6.9,77059.0,8.0,50.0,2.98,1.0
607,34013,16.4,52288.0,10.8,44.1,6.0,1.0
608,34017,16.5,53547.0,9.6,40.6,3.78,1.0
609,34021,11.7,70228.0,8.4,59.3,5.46,1.0
610,34023,7.7,75890.0,9.0,55.9,5.31,1.0
611,34025,6.8,80462.0,8.7,68.6,6.98,1.0
612,34027,5.7,91403.0,7.4,51.7,2.64,1.0
613,34029,11.0,56924.0,10.3,85.1,2.25,1.0
614,34031,15.6,53363.0,11.4,51.3,5.19,1.0
615,34037,5.7,81330.0,9.4,60.0,10.05,1.0
616,34039,10.9,65937.0,9.5,50.2,5.03,1.0
617,35001,16.4,47405.0,7.7,90.8,11.77,1.0
618,35013,25.4,35584.0,7.8,62.2,7.17,1.0
619,35049,16.5,48507.0,6.8,110.4,11.1,1.0
620,36005,30.0,32674.0,12.0,36.5,4.91,1.0
621,36007,16.5,43920.0,8.7,85.8,4.99,1.0
622,36027,8.2,68831.0,7.7,69.5,10.76,1.0
623,36029,14.3,46773.0,8.3,88.9,5.33,1.0
624,36047,22.9,42047.0,9.9,28.1,4.95,1.0
625,36055,15.1,49564.0,8.0,63.3,5.24,1.0
626,36059,6.2,90294.0,7.1,51.4,5.3,1.0
627,36061,16.6,63188.0,8.6,47.0,2.96,1.0
628,36063,14.1,44006.0,9.6,100.3,10.63,1.0
629,36067,14.1,50298.0,8.0,54.1,5.78,1.0
630,36071,11.4,65512.0,8.0,67.6,8.32,1.0
631,36081,15.1,52486.0,8.6,28.2,3.77,1.0
632,36085,12.1,69163.0,9.4,61.4,10.03,1.0
633,36087,11.6,79798.0,7.5,39.7,3.21,1.0
634,36103,6.6,81235.0,7.7,70.5,9.78,1.0
635,36119,9.0,76993.0,7.4,43.0,3.79,1.0
636,37019,16.5,44186.0,12.5,121.7,17.69,1.0
637,37021,17.1,42846.0,8.6,105.3,7.55,1.0
638,37023,18.7,38541.0,12.9,146.5,17.6,1.0
639,37025,12.5,49355.0,11.5,114.1,10.11,1.0
640,37035,14.5,41782.0,13.1,134.7,8.42,1.0
641,37039,18.1,32963.0,12.9,143.6,36.44,1.0
642,37045,20.9,38392.0,14.8,154.3,15.29,1.0
643,37047,26.9,32518.0,13.4,173.6,18.93,1.0
644,37051,18.2,43356.0,10.1,91.5,7.51,1.0
645,37057,17.3,40618.0,12.3,94.8,7.37,1.0
646,37063,18.4,48023.0,8.2,69.4,4.86,1.0
647,37067,16.7,44443.0,10.1,91.6,3.71,1.0
648,37071,19.9,40332.0,13.5,143.8,16.98,1.0
649,37081,17.9,42415.0,11.1,90.1,4.71,1.0
650,37085,16.7,40956.0,11.3,72.8,8.72,1.0
651,37087,14.6,39987.0,10.3,103.2,20.33,1.0
652,37089,15.8,43589.0,9.1,102.7,14.99,1.0
653,37097,13.3,46576.0,12.9,113.2,10.04,1.0
654,37101,16.1,46922.0,9.9,72.8,11.84,1.0
655,37119,15.6,52363.0,10.7,66.6,4.57,1.0
656,37129,18.1,46129.0,9.7,122.0,11.84,1.0
657,37133,15.8,41969.0,8.3,84.2,5.63,1.0
658,37147,21.6,39519.0,10.2,95.6,5.95,1.0
659,37151,18.1,39648.0,12.0,82.0,9.88,1.0
660,37157,18.5,38063.0,13.2,149.0,13.88,1.0
661,37159,20.1,38658.0,14.1,96.8,12.28,1.0
662,37167,15.4,42854.0,13.2,128.7,21.46,1.0
663,37171,19.3,36622.0,12.0,185.5,20.36,1.0
664,37183,12.0,61594.0,8.3,66.8,3.88,1.0
665,37191,19.7,40274.0,9.2,73.1,8.16,1.0
666,37193,19.9,34886.0,13.4,110.4,20.19,1.0
667,39017,13.5,54359.0,10.0,108.2,12.5,1.0
668,39023,20.0,40524.0,11.0,125.4,11.57,1.0
669,39025,9.6,56628.0,10.4,124.5,23.81,1.0
670,39035,18.2,41407.0,8.5,79.1,10.47,1.0
671,39041,5.8,85628.0,7.2,76.4,6.89,1.0
672,39045,11.2,55805.0,9.2,102.4,8.89,1.0
673,39049,18.8,47621.0,8.9,120.3,13.75,1.0
674,39061,18.5,46359.0,9.9,105.5,11.59,1.0
675,39085,9.6,52854.0,7.9,88.8,14.78,1.0
676,39089,12.4,51247.0,9.6,83.9,6.61,1.0
677,39093,14.3,50092.0,9.1,93.9,4.31,1.0
678,39095,19.8,39200.0,11.5,112.2,8.15,1.0
679,39097,15.0,48295.0,9.0,70.3,25.33,1.0
680,39099,17.1,38205.0,11.7,130.4,15.07,1.0
681,39113,18.0,40885.0,11.4,120.3,8.41,1.0
682,39133,15.1,49287.0,10.3,84.4,6.81,1.0
683,39139,14.7,41462.0,12.1,110.4,9.64,1.0
684,39141,19.3,41318.0,11.9,164.2,19.22,1.0
685,39151,14.6,42805.0,11.3,115.9,7.46,1.0
686,39153,15.4,45768.0,10.6,110.7,8.31,1.0
687,39155,18.2,40389.0,13.2,114.1,16.64,1.0
688,39159,8.2,63233.0,8.4,86.2,21.03,1.0
689,39165,5.9,67172.0,9.0,86.4,8.46,1.0
690,40027,13.5,51468.0,5.3,127.9,12.51,1.0
691,40037,15.6,41331.0,8.6,137.1,22.87,1.0
692,40101,20.6,38528.0,8.2,124.1,15.5,1.0
693,40109,17.6,42758.0,6.1,152.5,13.92,1.0
694,40143,15.8,44231.0,7.0,140.2,18.06,1.0
695,40145,11.5,56216.0,6.8,50.2,26.0,1.0
696,41005,10.4,57960.0,10.1,97.4,7.98,1.0
697,41017,14.8,46631.0,13.8,113.9,8.24,1.0
698,41029,15.7,40603.0,12.5,141.4,5.41,1.0
699,41039,19.1,40545.0,11.0,117.2,8.53,1.0
700,41043,18.1,43019.0,12.8,126.8,9.43,1.0
701,41047,17.9,44725.0,11.2,85.9,7.93,1.0
702,41051,18.0,48018.0,9.6,81.2,10.34,1.0
703,41067,9.7,60555.0,9.0,74.5,4.53,1.0
704,42003,11.9,47490.0,7.6,88.9,13.08,1.0
705,42007,15.1,44020.0,8.6,86.9,6.45,1.0
706,42019,9.3,54363.0,7.4,83.6,8.16,1.0
707,42051,20.7,35442.0,10.7,132.7,13.18,1.0
708,42069,13.6,42081.0,9.0,123.6,10.73,1.0
709,42077,13.2,51426.0,9.2,53.8,4.01,1.0
710,42091,5.8,75369.0,6.9,74.4,9.38,1.0
711,42101,26.4,34667.0,10.6,81.4,1.57,1.0
712,42125,10.6,47823.0,8.1,89.8,12.99,1.0
713,42129,10.4,46468.0,8.2,83.4,9.58,1.0
714,42133,9.2,55960.0,8.4,68.4,3.22,1.0
715,44003,10.2,54665.0,11.1,100.1,9.63,1.0
716,44007,17.5,45572.0,11.8,81.2,11.81,1.0
717,44009,8.8,67195.0,10.1,84.4,11.03,1.0
718,45003,17.7,43196.0,9.3,99.9,9.99,1.0
719,45015,15.0,49284.0,10.0,63.2,6.75,1.0
720,45019,18.7,46187.0,8.8,86.0,8.57,1.0
721,45041,21.7,38914.0,11.3,131.7,9.5,1.0
722,45045,15.4,45666.0,9.6,119.7,7.54,1.0
723,45059,19.5,36345.0,12.3,84.1,15.03,1.0
724,45073,13.6,42671.0,11.4,150.9,13.46,1.0
725,45077,17.0,40110.0,10.9,110.4,20.13,1.0
726,45079,17.0,45944.0,9.4,75.1,4.68,1.0
727,46103,15.2,45999.0,5.2,84.5,10.9,1.0
728,47001,16.2,45917.0,9.3,209.2,13.31,1.0
729,47009,14.0,41736.0,9.1,139.5,10.57,1.0
730,47011,19.1,38558.0,9.4,182.6,13.14,1.0
731,47021,12.2,51106.0,9.0,85.9,28.13,1.0
732,47037,20.0,43825.0,8.2,114.4,10.21,1.0
733,47063,20.6,38711.0,11.6,281.9,25.58,1.0
734,47065,15.6,44132.0,8.3,168.2,8.32,1.0
735,47093,12.9,44074.0,7.4,166.1,14.58,1.0
736,47119,14.3,45445.0,12.3,157.9,12.35,1.0
737,47125,15.7,47258.0,8.5,106.3,6.38,1.0
738,47141,21.5,35225.0,9.4,165.2,15.21,1.0
739,47145,15.2,42620.0,9.2,183.1,29.53,1.0
740,47149,14.4,51815.0,8.9,111.8,9.14,1.0
741,47157,20.4,43859.0,9.8,93.4,7.33,1.0
742,47165,13.3,48502.0,8.9,109.7,6.22,1.0
743,47189,10.0,56270.0,8.4,109.9,12.28,1.0
744,48029,17.0,47724.0,7.3,68.5,6.47,1.0
745,48039,12.1,64242.0,8.5,77.1,6.71,1.0
746,48085,7.7,77862.0,7.2,67.3,3.58,1.0
747,48091,11.9,61573.0,7.0,98.1,10.14,1.0
748,48113,19.0,46909.0,8.6,63.6,4.14,1.0
749,48121,8.1,68671.0,7.1,75.1,2.41,1.0
750,48141,24.6,36064.0,9.2,43.1,4.12,1.0
751,48157,9.0,76758.0,7.6,47.6,3.76,1.0
752,48167,13.0,57124.0,9.1,95.9,14.42,1.0
753,48201,18.7,50437.0,8.3,69.1,6.04,1.0
754,48245,22.6,39756.0,11.3,95.6,4.76,1.0
755,48339,11.5,65483.0,7.5,81.2,6.14,1.0
756,48355,20.0,41899.0,8.1,92.6,11.46,1.0
757,48439,14.4,52482.0,8.1,82.2,1.99,1.0
758,48451,19.2,39004.0,6.6,108.5,9.07,1.0
759,48453,18.8,51905.0,6.8,72.0,4.49,1.0
760,48479,31.5,34878.0,8.2,34.9,6.79,1.0
761,48491,7.9,66152.0,7.2,76.5,2.37,1.0
762,49011,8.0,64840.0,7.0,81.1,5.87,1.0
763,49035,13.7,56664.0,7.7,90.8,8.26,1.0
764,49049,14.7,54385.0,7.4,74.6,6.97,1.0
765,49057,13.7,53612.0,8.8,94.6,12.11,1.0
766,50007,11.8,56016.0,4.8,50.7,7.03,1.0
767,51019,9.8,51656.0,7.0,45.2,14.56,1.0
768,51041,6.9,69190.0,7.3,77.9,4.74,1.0
769,51059,5.9,102726.0,5.1,37.7,1.94,1.0
770,51087,9.8,59128.0,7.3,85.1,4.56,1.0
771,51153,6.1,91290.0,6.1,46.8,2.74,1.0
772,51167,18.1,34460.0,10.2,160.7,34.61,1.0
773,51185,18.5,35485.0,8.8,189.6,24.4,1.0
774,51195,22.2,36789.0,8.3,216.2,31.36,1.0
775,51550,8.0,67674.0,7.2,85.0,4.5,1.0
776,51700,15.1,49228.0,8.3,78.0,6.09,1.0
777,51760,25.3,39214.0,9.5,68.9,6.37,1.0
778,51810,8.0,63354.0,6.5,68.8,2.74,1.0
779,53007,14.2,45561.0,8.9,120.7,13.8,1.0
780,53009,15.5,42111.0,11.0,164.1,15.41,1.0
781,53011,12.7,55144.0,12.9,72.1,6.82,1.0
782,53015,20.6,43031.0,12.9,104.2,14.65,1.0
783,53033,12.2,66147.0,9.0,68.8,9.37,1.0
784,53035,11.3,57107.0,8.6,80.7,6.77,1.0
785,53053,12.3,56446.0,10.4,88.6,9.31,1.0
786,53057,13.0,54600.0,10.9,105.2,8.55,1.0
787,53061,10.0,63391.0,10.7,97.5,11.21,1.0
788,53063,14.7,46881.0,10.1,102.6,8.06,1.0
789,53067,10.7,60672.0,9.0,79.3,6.74,1.0
790,53073,14.4,49999.0,9.5,83.6,6.96,1.0
791,53077,23.9,40503.0,10.6,80.2,7.4,1.0
792,54003,12.7,50923.0,8.6,114.9,16.32,1.0
793,54005,18.9,38126.0,8.8,212.2,69.02,1.0
794,54011,23.3,36274.0,7.2,194.3,24.92,1.0
795,54019,22.6,30856.0,10.0,113.1,32.58,1.0
796,54033,17.3,40441.0,7.6,155.3,21.71,1.0
797,54039,14.8,43110.0,7.4,168.4,17.61,1.0
798,54043,24.2,34119.0,11.7,65.9,50.64,1.0
799,54045,22.3,33202.0,10.1,287.4,51.71,1.0
800,54047,33.6,24133.0,13.2,192.9,99.49,1.0
801,54055,21.6,32366.0,8.5,175.3,43.36,1.0
802,54059,23.7,31915.0,9.8,267.0,52.16,1.0
803,54081,18.0,37915.0,8.1,190.3,46.92,1.0
804,54099,20.2,36360.0,8.5,99.2,35.31,1.0
805,54109,20.0,35872.0,10.4,214.4,109.26,1.0
806,55025,12.3,58958.0,5.9,68.9,9.22,1.0
807,55027,9.2,50996.0,9.0,45.5,12.39,1.0
808,55059,13.2,52028.0,10.3,79.4,15.02,1.0
809,55063,12.9,47271.0,6.6,71.0,8.72,1.0
810,55079,21.9,40582.0,10.0,99.6,11.71,1.0
811,55127,12.8,52823.0,9.0,74.9,12.72,1.0
812,55133,6.1,71176.0,7.3,78.2,8.98,1.0
813,1003,13.4,50144.0,9.0,150.0,5.89,1.0
814,1073,18.7,42053.0,9.3,139.9,5.77,1.0
815,1089,13.8,55298.0,8.3,132.9,4.7,1.0
816,1097,19.7,41867.0,10.8,152.8,3.39,1.0
817,1117,8.1,66362.0,6.2,127.5,5.05,1.0
818,1127,22.1,35423.0,11.3,340.2,30.0,1.0
819,2020,8.5,71237.0,6.0,75.4,10.49,1.0
820,2170,11.6,68999.0,9.2,97.1,15.23,1.0
821,4005,21.6,45051.0,9.5,61.3,8.18,1.0
822,4013,17.4,50785.0,8.6,86.1,6.83,1.0
823,4015,21.7,35998.0,12.3,146.8,21.74,1.0
824,4019,20.4,44102.0,8.5,98.3,13.24,1.0
825,4021,17.4,45170.0,9.8,70.0,6.53,1.0
826,4025,18.4,41437.0,9.9,114.7,14.16,1.0
827,5007,12.1,52644.0,6.5,89.9,5.27,1.0
828,5119,16.6,43898.0,7.5,118.3,5.7,1.0
829,6001,13.2,67295.0,10.1,43.2,2.88,1.0
830,6007,22.6,39208.0,13.7,163.1,9.99,1.0
831,6013,11.9,74241.0,10.3,59.8,3.47,1.0
832,6019,25.8,42572.0,16.5,70.8,6.47,1.0
833,6023,21.1,39526.0,10.6,143.8,17.07,1.0
834,6029,24.6,44903.0,14.8,66.5,5.05,1.0
835,6033,23.0,35882.0,14.5,172.6,27.98,1.0
836,6035,19.3,47938.0,13.5,102.9,29.24,1.0
837,6037,18.4,52239.0,12.2,41.4,2.48,1.0
838,6039,23.6,44795.0,16.2,61.4,11.77,1.0
839,6053,17.1,52746.0,12.7,70.2,7.11,1.0
840,6059,13.0,72046.0,9.1,51.9,7.04,1.0
841,6061,8.5,69581.0,10.8,74.0,3.08,1.0
842,6065,16.9,52491.0,13.2,57.3,4.82,1.0
843,6067,17.7,52236.0,12.1,63.3,4.6,1.0
844,6071,19.4,51017.0,12.9,55.1,2.95,1.0
845,6073,15.2,59290.0,10.3,47.2,8.76,1.0
846,6075,13.8,69354.0,8.1,45.0,13.04,1.0
847,6077,18.2,50376.0,16.2,67.3,10.49,1.0
848,6079,15.1,53877.0,9.6,84.8,8.46,1.0
849,6081,7.9,81378.0,7.5,41.6,1.93,1.0
850,6083,15.4,59494.0,9.4,69.4,2.81,1.0
851,6085,10.7,84741.0,9.3,32.4,3.21,1.0
852,6087,14.9,61228.0,13.1,83.7,16.27,1.0
853,6089,19.4,41796.0,15.9,157.4,9.56,1.0
854,6095,13.6,63090.0,12.2,57.2,3.6,1.0
855,6097,12.2,60792.0,10.2,69.8,4.71,1.0
856,6099,23.3,44287.0,16.5,108.5,3.47,1.0
857,6107,25.6,40599.0,17.1,89.9,5.12,1.0
858,6111,11.5,74019.0,10.2,64.1,10.1,1.0
859,8001,16.1,52429.0,9.9,60.0,12.18,1.0
860,8005,12.0,57042.0,8.3,64.8,2.74,1.0
861,8013,13.8,68101.0,6.5,63.3,7.68,1.0
862,8031,18.7,47584.0,8.6,51.1,14.19,1.0
863,8035,4.3,95973.0,6.4,61.1,6.16,1.0
864,8041,13.2,54857.0,9.1,79.4,5.34,1.0
865,8059,9.0,64412.0,8.0,85.1,8.71,1.0
866,8069,13.8,55501.0,7.2,83.4,10.8,1.0
867,8101,19.0,40764.0,10.5,131.2,8.72,1.0
868,8123,14.4,51773.0,8.6,69.9,9.28,1.0
869,9001,9.4,77065.0,8.2,55.0,3.13,1.0
870,9003,12.4,60947.0,9.0,70.4,5.59,1.0
871,9007,6.7,75714.0,7.6,72.8,7.23,1.0
872,9009,12.9,58985.0,9.7,78.1,7.55,1.0
873,9011,9.0,63561.0,8.9,79.8,8.04,1.0
874,9015,10.6,54911.0,9.9,82.9,8.46,1.0
875,10001,14.9,51045.0,8.2,88.0,13.95,1.0
876,10003,12.0,63087.0,7.3,90.8,9.59,1.0
877,10005,12.4,51060.0,7.7,133.7,10.48,1.0
878,11001,19.1,62087.0,10.2,39.8,6.8,1.0
879,12001,23.5,39825.0,7.6,82.7,5.21,1.0
880,12009,14.2,46494.0,10.9,105.5,5.7,1.0
881,12011,14.9,48478.0,9.4,68.5,7.02,1.0
882,12019,10.9,54867.0,9.1,105.6,9.36,1.0
883,12021,16.2,51039.0,10.1,75.2,11.89,1.0
884,12031,17.7,45995.0,10.3,102.4,9.88,1.0
885,12033,18.5,41072.0,9.7,146.5,9.36,1.0
886,12035,14.7,47095.0,11.4,102.9,13.35,1.0
887,12053,16.6,40411.0,12.5,126.2,6.35,1.0
888,12057,17.6,46592.0,9.6,89.2,15.85,1.0
889,12061,13.9,42053.0,12.7,116.1,7.92,1.0
890,12069,13.9,44965.0,10.6,91.3,5.65,1.0
891,12071,15.3,45515.0,10.9,88.9,11.25,1.0
892,12081,15.9,43494.0,10.0,99.6,18.65,1.0
893,12083,17.6,36425.0,12.3,96.4,4.81,1.0
894,12085,12.7,50417.0,9.9,91.3,6.78,1.0
895,12086,20.9,40476.0,9.4,38.5,2.9,1.0
896,12091,13.7,49643.0,7.8,124.3,7.09,1.0
897,12095,18.5,44635.0,9.8,62.7,9.92,1.0
898,12097,16.0,40933.0,11.3,72.6,13.04,1.0
899,12099,15.8,48973.0,10.0,76.1,4.57,1.0
900,12101,15.7,40859.0,10.8,118.3,11.58,1.0
901,12103,15.0,42761.0,9.7,105.2,7.74,1.0
902,12105,19.2,40258.0,11.3,84.1,3.28,1.0
903,12107,27.9,31150.0,12.8,124.7,21.61,1.0
904,12109,9.4,63299.0,7.7,73.7,9.7,1.0
905,12111,20.3,41384.0,12.6,85.6,6.42,1.0
906,12113,11.3,53155.0,8.6,124.8,9.73,1.0
907,12115,11.7,47457.0,10.2,97.2,17.01,1.0
908,12117,11.5,54449.0,9.6,82.9,11.76,1.0
909,12127,17.4,38477.0,11.2,98.1,13.14,1.0
910,13015,19.1,45072.0,11.5,117.7,12.95,1.0
911,13045,19.5,43237.0,11.4,137.9,12.59,1.0
912,13051,22.5,42383.0,10.0,99.8,3.68,1.0
913,13057,9.6,65769.0,8.2,78.8,5.96,1.0
914,13059,39.2,30880.0,9.3,127.1,8.52,1.0
915,13063,25.2,37706.0,13.4,57.4,6.12,1.0
916,13067,13.2,57995.0,8.8,75.3,2.01,1.0
917,13089,19.8,48293.0,10.5,51.2,3.43,1.0
918,13117,8.0,85137.0,7.4,64.7,8.8,1.0
919,13121,20.0,54893.0,10.2,56.9,5.9,1.0
920,13135,15.7,56944.0,8.7,54.7,2.91,1.0
921,13139,17.8,49324.0,8.9,103.9,6.56,1.0
922,13151,13.0,58130.0,10.3,86.9,6.27,1.0
923,13215,19.8,37564.0,10.0,111.9,5.67,1.0
924,13223,11.8,59185.0,9.5,75.2,11.84,1.0
925,13313,17.8,38452.0,11.8,99.1,11.63,1.0
926,15003,10.3,65489.0,5.9,38.4,4.25,1.0
927,16001,13.4,50701.0,7.3,88.3,5.74,1.0
928,17019,23.4,42847.0,7.8,76.7,6.94,1.0
929,17031,17.8,50806.0,10.4,47.2,6.77,1.0
930,17043,7.8,74122.0,8.2,54.9,6.28,1.0
931,17089,12.6,66133.0,9.8,48.1,3.08,1.0
932,17097,11.1,74306.0,8.8,59.2,8.78,1.0
933,17099,11.7,48945.0,10.7,87.5,16.74,1.0
934,17111,8.0,70682.0,9.9,70.0,6.15,1.0
935,17119,14.0,50462.0,8.9,116.7,16.02,1.0
936,17143,18.3,49022.0,9.2,90.2,10.7,1.0
937,17161,14.1,44487.0,8.5,80.9,8.13,1.0
938,17163,19.1,49634.0,9.7,86.1,8.88,1.0
939,17167,16.0,51537.0,7.4,118.7,9.05,1.0
940,17179,11.3,50106.0,8.3,98.4,8.85,1.0
941,17197,8.4,72053.0,10.6,59.7,7.92,1.0
942,17201,19.1,44353.0,11.9,110.4,7.14,1.0
